Creator Name,Creator OR Mentor,"Price per month
(Mentor)",Cource Category,Contact,"Information ( Portfolio, CV,.....)",Language ,Notes ,Email,Password
Asmaa Mohamed Mokhtar,Mentor,10 Euro,Freelance,"1140482240

linkedin.com/in/asmaa-mokhtar-6730911a9

mokhtarasmaa817@gmail.com",https://asmaamokhtar.my.canva.site/,English,,mokhtarasmaa817@gmail.com,Test1234!
Sofia Safwat ,Mentor,14.99 Euro,Freelance,"1211911871

sofiasafwat12@gmail.com","https://drive.google.com/file/d/1x6bAVYysvcPMXtlnYpKlpbar9ej8V_Rx/view?usp=drivesdk

https://drive.google.com/file/d/1IMTF65NpdwKKXPGJMC-_TnHUliBJY0Fk/view?usp=sharing",English,,sofiasafwat12@gmail.com,Test1234!
Youssef Yasser,Mentor,10 Euro,German Language,"1021870612

yosefyasser589@gmail.com

linkedin.com/in/youssefyasser24",https://drive.google.com/file/d/1hY1VTk7a6XwaqXKC_Spu0-6VXsvrGfxy/view?usp=drive_link,German,,yosefyasser589@gmail.com,Test1234!
Khaleel Mahdi ,Mentor,,Flutter (Coding & AI),"1060741899

khaleelmhdi@gmail.com

linkedin.com/in/khaleel-mahdi

+972598137134 (Work)

khlilmhdi02@gmail.com","https://khlilmhdi-2c480.web.app/

https://drive.google.com/file/d/19pME5d4QWZXy2G4JUuM3jHajgUdhkmqB/view?usp=sharing",English,,khaleelmhdi@gmail.com,Test1234!
Mohamed Radwan,Mentor,,Coding & AI,"mohax.radwan@gmail.com

1022070639

linkedin.com/in/mohamed-radwan-288a89283

mohamed2004radwan@gmail.com",https://drive.google.com/file/d/1g08iqQCfbCpyVxDxPqnpzfE6bVkJm3C8/view?usp=drive_link,English,,mohax.radwan@gmail.com,Test1234!
Andrew Magdy,Mentor,10 Euro,German Language,"1552528519

linkedin.com/in/andrew-magdy-9a4752266

andrewmagdy010610@gmail.com",https://drive.google.com/file/d/16RHyxb3Z6hqrADO9E2dDhTsjQho55vMW/view?usp=sharing,German,,andrewmagdy010610@gmail.com,Test1234!
Mohammed Yasser,Mentor,10 Euro,Coding & AI,"linkedin.com/in/mohd-yasser

1228498155

mohdyasser100@gmail.com",https://drive.google.com/file/d/1ILbuVeJq7b74ZcH1I-1KAHamJ9pSscGN/view?usp=sharing,English,,mohdyasser100@gmail.com,Test1234!
Mohamed Amin,Mentor,10 Euro,German Language,"linkedin.com/in/mohamed-amin-267091290

mohamedaminamin74@gmail.com

1147109321",https://drive.google.com/file/d/1DsdU5L_yLC7ivKDAu5-gZRhGYMTeoFXT/view?usp=sharing,German,,mohamedaminamin74@gmail.com,Test1234!
Beshoy Khairy,Mentor,14.99 Euro,German Language,"linkedin.com/in/beshoy-khairy-aa703b261

beshoykhairy99@gmail.com

1289275288",.,German,,beshoykhairy99@gmail.com,Test1234!
Omar Rady,Mentor,,German Language,"1017156927

omarrady474@gmail.com

linkedin.com/in/omar-rady-98b01a259",.,German,,omarrady474@gmail.com,Test1234!
Zaid tamer,Creator ,,"Freelance
Online business ","1065342768

ziadtamer756@gmail.com",https://drive.google.com/file/d/1EL38bhYMbEQkmPh-Csm3aA2zNGwMPl6n/view?usp=drivesdk,English,,ziadtamer756@gmail.com,Test1234!
Mohamed Tarek Abdelkader,Creator,,Freelance ,"1149457050

linkedin.com/in/mohmed-tarek

muhammed.tarekk50@gmail.com",https://drive.google.com/drive/folders/1eGGazNEMIh0cA3BbEjR8T6BEPzTIguGz,English,,muhammed.tarekk50@gmail.com,Test1234!
Ahmed Radwan,Creator,,"Freelance
","linkedin.com/in/ahmed-radwan-337a45212

1101990371

ahmedradoun@gmail.com

ahmed.radwan@lamaregypt.com

1013267233",https://docs.google.com/document/d/1GRyrSIiXB3VGBZTaQunCKCal4X85jwhn/edit?usp=sharing&ouid=102561664937979731668&rtpof=true&sd=true,English & German,,ahmedradoun@gmail.com,Test1234!
Ibrahim Azab,Both ,8 Euro,Web Development & AI,"hima.azab.eg@gmail.com

01000888395

linkedin.com/in/ibrahim-waleed",https://ibrahim-azab.com/,English,"عايز السعر بتاعه يبان كانه اوفر يعني يتكتب انه السعر 
نزل من 10 يورو ل 8 يورو ",hima.azab.eg@gmail.com,Test1234!
Aiman Sheikh,Both ,,"Coding & AI
German Integration","491635198323

linkedin.com/in/aiman-sheikh-780420162

aimansheikh09@gmail.com",.,English,,aimansheikh09@gmail.com,Test1234!